"","2H:47269969","2H:47271404","2H:47272188","2H:47272452","2H:47286514","2H:47305961","2H:47306216","2H:47306475","2H:47307674","2H:47307897","2H:47308047","2H:47694817","2H:47806461","2H:47923897","2H:48044300","2H:48071089","2H:48081081","2H:48094076","2H:48094148","2H:48269792","2H:48269958","2H:48270225","2H:48270301","2H:48271948","2H:48286712","2H:48453575","2H:48579241","2H:48579641","2H:48585780","2H:48587100","2H:48587411","2H:48764468","2H:48765408","2H:48772279","2H:48775066"
"2H:47269969",1,0.0331951743024202,0.230690502183406,1,0.161016018960335,0.545946287756705,0.17208414451934,0.545946287756705,0.0029394613360818,0.0029394613360818,0.0029394613360818,0.124177796997571,0.176923828409494,2.23687282996048e-05,0.411842899770743,0.00249428851768573,0.0762150869331855,0.429225855021305,0.000485140353036787,0.0791367235472922,0.279693997235665,0.205664582164625,0.169006465024122,0.608518051326078,0.0647044004030904,0.132250312522512,0.0154914613337289,0.0398954220102057,0.000603089156680326,0.0382615928467457,0.145723108946224,0.0332855928215881,0.677032195069028,0.00744787843123623,0.0176611869666184
"2H:47271404",0.0331951743024202,1,0.189784163135593,0.0331951743024202,0.0526547222646603,0.0012052948948477,0.0348728457718794,0.0012052948948477,0.0240995762711864,0.0240995762711864,0.0240995762711864,0.0800399864780825,0.0997221417419158,1.46357058589249e-05,0.00579583833163611,0.0233138757999859,0.0406815376034029,0.00883118535040817,0.0104860643485155,0.0427524288876279,0.0830786329535982,0.0822483083296669,0.14545584974203,0.024610792100875,0.32555109444254,0.194291764899391,0.0631121710246146,0.0335171543929337,0.0129611166500499,0.536433434738519,0.145236891257008,0.0790984071197778,0.0240995762711864,0.0466581776279444,0.0124616242568671
"2H:47272188",0.230690502183406,0.189784163135593,1,0.230690502183406,0.0995154942468149,0.146302045467041,8.08015513897867e-05,0.146302045467041,0.118075801749271,0.118075801749271,0.118075801749271,0.0786357758550898,0.71134165058219,0.0621346660335006,0.239099551843521,0.112946689308503,0.308599109676281,0.242391751996966,0.0143390080873298,0.320984776954956,7.57924487209946e-06,0.00114002454773221,0.0575481995682888,0.137165955232877,0.273849200450846,0.347960262634693,0.010798659792203,0.238173654909242,0.0595248516073096,0.135629884394234,0.398102657284543,0.19044384057971,0.16748046875,0.0472377331214176,0.083093676612296
"2H:47272452",1,0.0331951743024202,0.230690502183406,1,0.161016018960335,0.545946287756705,0.17208414451934,0.545946287756705,0.0029394613360818,0.0029394613360818,0.0029394613360818,0.124177796997571,0.176923828409494,2.23687282996048e-05,0.411842899770743,0.00249428851768573,0.0762150869331855,0.429225855021305,0.000485140353036787,0.0791367235472922,0.279693997235665,0.205664582164625,0.169006465024122,0.608518051326078,0.0647044004030904,0.132250312522512,0.0154914613337289,0.0398954220102057,0.000603089156680326,0.0382615928467457,0.145723108946224,0.0332855928215881,0.677032195069028,0.00744787843123623,0.0176611869666184
"2H:47286514",0.161016018960335,0.0526547222646603,0.0995154942468149,0.161016018960335,1,0.0829451573788176,0.000221928427427839,0.0829451573788176,0.0798540226930192,0.0798540226930192,0.0798540226930192,0.00701517105497091,0.0596427549296185,0.0546465401579805,0.15664020338397,0.0755054553416064,0.0038549151524849,0.159204348927761,0.0109833479073505,0.00592570098516369,0.00413584265224481,0.00766717190255248,0.0711676207071571,0.0742394910755919,0.00201280039940027,0.0158724262100426,0.000282257896313029,0.0018491767170764,0.0307017270759262,0.0609421232237999,0.00526315116932076,0.00535949128087592,0.121153509302525,0.0425158642438007,0.0203154442769807
"2H:47305961",0.545946287756705,0.0012052948948477,0.146302045467041,0.545946287756705,0.0829451573788176,1,0.358076563958917,1,0.0398341049382716,0.0398341049382716,0.0398341049382716,0.256869703244565,0.263392857142857,4.09280263333184e-05,0.635161199096966,0.0385354233901952,0.120127981384526,0.66104770763204,0.0309641625431099,0.098805057286203,0.261957201275717,0.198704946949636,0.0943073261222979,0.675126158513111,0.00814868170555306,0.301802840392087,0.0694628163200115,0.0604706808417661,0.0214233841684822,0.000113031716139059,0.223908103320295,0.0602909468053167,0.423730915388755,0.0214326211506326,0.0207812256064518
"2H:47306216",0.17208414451934,0.0348728457718794,8.08015513897867e-05,0.17208414451934,0.000221928427427839,0.358076563958917,1,0.358076563958917,0.111244658119658,0.111244658119658,0.111244658119658,0.393172129009958,0.00887883643485884,0.0244919159788303,0.172026606103685,0.107617831684222,0.299579208781109,0.173322706193171,0.00998082197687546,0.276496857273354,0.585453630160875,0.581762956179402,0.281565436825618,0.231212498207426,0.0353237332864789,0.0302931556049874,0.0395194632081465,0.240247036503925,0.0598290598290598,0.0016679748822606,0.0259370582644752,0.170658804909924,0.137768088004433,0.145231550334747,0.00954737341449625
"2H:47306475",0.545946287756705,0.0012052948948477,0.146302045467041,0.545946287756705,0.0829451573788176,1,0.358076563958917,1,0.0398341049382716,0.0398341049382716,0.0398341049382716,0.256869703244565,0.263392857142857,4.09280263333184e-05,0.635161199096966,0.0385354233901952,0.120127981384526,0.66104770763204,0.0309641625431099,0.098805057286203,0.261957201275717,0.198704946949636,0.0943073261222979,0.675126158513111,0.00814868170555306,0.301802840392087,0.0694628163200115,0.0604706808417661,0.0214233841684822,0.000113031716139059,0.223908103320295,0.0602909468053167,0.423730915388755,0.0214326211506326,0.0207812256064518
"2H:47307674",0.0029394613360818,0.0240995762711864,0.118075801749271,0.0029394613360818,0.0798540226930192,0.0398341049382716,0.111244658119658,0.0398341049382716,1,1,1,0.144776570048309,0.140625,0.295768419506855,0.0209817763312221,0.967397747480735,0.0641361256544502,0.023275468724075,0.351675893029276,0.066358024691358,0.0504085632827614,0.070137858116608,0.119066697191697,0.0133203687410014,0.0270659067300858,0.00579133857154171,0.0634878653921235,0.0636046575089422,0.53781512605042,0.0187429138321995,0.0351859688579482,0.00340078286749482,0.00226757369614513,0.00545943142515222,0.0166969435262119
"2H:47307897",0.0029394613360818,0.0240995762711864,0.118075801749271,0.0029394613360818,0.0798540226930192,0.0398341049382716,0.111244658119658,0.0398341049382716,1,1,1,0.144776570048309,0.140625,0.295768419506855,0.0209817763312221,0.967397747480735,0.0641361256544502,0.023275468724075,0.351675893029276,0.066358024691358,0.0504085632827614,0.070137858116608,0.119066697191697,0.0133203687410014,0.0270659067300858,0.00579133857154171,0.0634878653921235,0.0636046575089422,0.53781512605042,0.0187429138321995,0.0351859688579482,0.00340078286749482,0.00226757369614513,0.00545943142515222,0.0166969435262119
"2H:47308047",0.0029394613360818,0.0240995762711864,0.118075801749271,0.0029394613360818,0.0798540226930192,0.0398341049382716,0.111244658119658,0.0398341049382716,1,1,1,0.144776570048309,0.140625,0.295768419506855,0.0209817763312221,0.967397747480735,0.0641361256544502,0.023275468724075,0.351675893029276,0.066358024691358,0.0504085632827614,0.070137858116608,0.119066697191697,0.0133203687410014,0.0270659067300858,0.00579133857154171,0.0634878653921235,0.0636046575089422,0.53781512605042,0.0187429138321995,0.0351859688579482,0.00340078286749482,0.00226757369614513,0.00545943142515222,0.0166969435262119
"2H:47694817",0.124177796997571,0.0800399864780825,0.0786357758550898,0.124177796997571,0.00701517105497091,0.256869703244565,0.393172129009958,0.256869703244565,0.144776570048309,0.144776570048309,0.144776570048309,1,0.104819331731423,0.0400097337243194,0.110908281231879,0.140056527752721,0.395867898242279,0.112923334995693,0.112538872264273,0.371317346538699,0.463476782019719,0.441683182729316,0.163303197736711,0.173922362485122,0.0166741907482824,0.162683586679363,0.0688824004996056,0.301808094617595,0.0778630292696789,0.0399873056172644,0.0777682801771357,0.212855204121995,0.101001099424219,0.19205579732202,0.00816548130409003
"2H:47806461",0.176923828409494,0.0997221417419158,0.71134165058219,0.176923828409494,0.0596427549296185,0.263392857142857,0.00887883643485884,0.263392857142857,0.140625,0.140625,0.140625,0.104819331731423,1,0.0587708388030788,0.322933861709861,0.136040308239478,0.45607911576498,0.329268292682927,0.0190984175946582,0.429752090327948,0.00111258502503454,0.00139220051898288,0.0781440781440782,0.198778195488722,0.310611263736264,0.484777517564403,0.00856840943788841,0.337002580507929,0.0756302521008403,0.183673469387755,0.614158163265306,0.230338451805843,0.140625,0.0633694140149539,0.0922539770778253
"2H:47923897",2.23687282996048e-05,1.46357058589249e-05,0.0621346660335006,2.23687282996048e-05,0.0546465401579805,4.09280263333184e-05,0.0244919159788303,4.09280263333184e-05,0.295768419506855,0.295768419506855,0.295768419506855,0.0400097337243194,0.0587708388030788,1,0.0014363500395663,0.268805547338548,0.0155943457146897,0.00193434981328066,0.222461459497226,0.0167583859110189,0.0373490783596606,0.0528136341478599,0.0135941644562334,0.00864600099644273,0.00066434703946786,5.59829374930015e-05,0.0446956129859158,0.0150373450265351,0.401073016815361,0.000135167607833717,0.0809515013570098,0.0380543341134311,0.000120566168715879,0.00890052436078456,0.0206552706552707
"2H:48044300",0.411842899770743,0.00579583833163611,0.239099551843521,0.411842899770743,0.15664020338397,0.635161199096966,0.172026606103685,0.635161199096966,0.0209817763312221,0.0209817763312221,0.0209817763312221,0.110908281231879,0.322933861709861,0.0014363500395663,1,0.0164123788495701,0.155984834807727,0.962737127371274,0.0299856883746565,0.133991538540233,0.19073943138371,0.131715016314788,0.179080617658204,0.548180209429582,0.0044401164648527,0.396364464137954,0.0864699292272731,0.0839106775070262,0.0182076182963607,0.0104003766257461,0.11496664408593,0.0184911264605792,0.349975442763312,6.03170143995217e-05,0.0244598458784049
"2H:48071089",0.00249428851768573,0.0233138757999859,0.112946689308503,0.00249428851768573,0.0755054553416064,0.0385354233901952,0.107617831684222,0.0385354233901952,0.967397747480735,0.967397747480735,0.967397747480735,0.140056527752721,0.136040308239478,0.268805547338548,0.0164123788495701,1,0.0620451434902566,0.0183775159694482,0.364997565542252,0.0641946036136907,0.059002262664248,0.0793982427190697,0.114756419644142,0.019933842559806,0.0298744345292557,0.00377867480989196,0.0686139483047858,0.0612013110769609,0.555940023068051,0.0179007287562328,0.0310041639876954,0.00246800415998981,0.00595092808907796,0.00661428597332149,0.0159281192800663
"2H:48081081",0.0762150869331855,0.0406815376034029,0.308599109676281,0.0762150869331855,0.0038549151524849,0.120127981384526,0.299579208781109,0.120127981384526,0.0641361256544502,0.0641361256544502,0.0641361256544502,0.395867898242279,0.45607911576498,0.0155943457146897,0.155984834807727,0.0620451434902566,1,0.150172391776274,0.0498548021281557,0.966516498234506,0.221096901553515,0.288778149246199,0.476439790575916,0.0906585836318545,0.141663310511478,0.221096901553515,0.167960219947907,0.846830789796146,0.0344933785032337,0.0837696335078534,0.280104712041885,0.493087707852319,0.0641361256544502,0.260872097038309,0.089227446078423
"2H:48094076",0.429225855021305,0.00883118535040817,0.242391751996966,0.429225855021305,0.159204348927761,0.66104770763204,0.173322706193171,0.66104770763204,0.023275468724075,0.023275468724075,0.023275468724075,0.112923334995693,0.329268292682927,0.00193434981328066,0.962737127371274,0.0183775159694482,0.150172391776274,1,0.0387084032783648,0.128281047088275,0.204850668428281,0.131577776759308,0.182971500044671,0.569727380204533,0.00328080183376871,0.396306177322032,0.0820552422851466,0.0785759954192264,0.0172935027669605,0.0140202422432387,0.114512827013641,0.0151492198151795,0.364116683258669,0.000312852726112775,0.0227559472056795
"2H:48094148",0.000485140353036787,0.0104860643485155,0.0143390080873298,0.000485140353036787,0.0109833479073505,0.0309641625431099,0.00998082197687546,0.0309641625431099,0.351675893029276,0.351675893029276,0.351675893029276,0.112538872264273,0.0190984175946582,0.222461459497226,0.0299856883746565,0.364997565542252,0.0498548021281557,0.0387084032783648,1,0.0515819463187884,0.0569898896042123,0.00580082306505139,0.0896481217837493,0.0233681369415442,0.0265943598896119,0.0454715057422601,0.0916981887459275,0.0588722124052162,0.616990014629333,0.0130287945137569,0.0504336737911328,0.0681550107501195,0.00318275083312678,0.0292934973499008,0.0198622789715907
"2H:48269792",0.0791367235472922,0.0427524288876279,0.320984776954956,0.0791367235472922,0.00592570098516369,0.098805057286203,0.276496857273354,0.098805057286203,0.066358024691358,0.066358024691358,0.066358024691358,0.371317346538699,0.429752090327948,0.0167583859110189,0.133991538540233,0.0641946036136907,0.966516498234506,0.128281047088275,0.0515819463187884,1,0.228756469193628,0.298782431312552,0.492945326278659,0.0937993130975587,0.146571021571022,0.228756469193628,0.173778947648294,0.876167961274344,0.0356883494138396,0.0866717057193247,0.289808515998992,0.512877850134549,0.066358024691358,0.248194746836392,0.111723599654525
"2H:48269958",0.279693997235665,0.0830786329535982,7.57924487209946e-06,0.279693997235665,0.00413584265224481,0.261957201275717,0.585453630160875,0.261957201275717,0.0504085632827614,0.0504085632827614,0.0504085632827614,0.463476782019719,0.00111258502503454,0.0373490783596606,0.19073943138371,0.059002262664248,0.221096901553515,0.204850668428281,0.0569898896042123,0.228756469193628,1,0.765628916629067,0.4640605296343,0.384238776804819,0.147810761321688,0.0226892773695801,0.125724610975499,0.184663826106283,0.0394299796421301,0.0957585219880302,0.00441553866124712,0.0925682834144225,0.242401663385715,0.0674967065353375,0.00646640885328019
"2H:48270225",0.205664582164625,0.0822483083296669,0.00114002454773221,0.205664582164625,0.00766717190255248,0.198704946949636,0.581762956179402,0.198704946949636,0.070137858116608,0.070137858116608,0.070137858116608,0.441683182729316,0.00139220051898288,0.0528136341478599,0.131715016314788,0.0793982427190697,0.288778149246199,0.131577776759308,0.00580082306505139,0.298782431312552,0.765628916629067,1,0.606116774791474,0.313938516014808,0.0822096079257994,0.00510457282253708,0.157543504553069,0.25562548188035,0.051500118119537,0.125071715433161,0.000462845244354889,0.160502700871295,0.182036139314795,0.105732538478443,0.0170222691547642
"2H:48270301",0.169006465024122,0.14545584974203,0.0575481995682888,0.169006465024122,0.0711676207071571,0.0943073261222979,0.281565436825618,0.0943073261222979,0.119066697191697,0.119066697191697,0.119066697191697,0.163303197736711,0.0781440781440782,0.0135941644562334,0.179080617658204,0.114756419644142,0.476439790575916,0.182971500044671,0.0896481217837493,0.492945326278659,0.4640605296343,0.606116774791474,1,0.190283400809717,0.0403014513232653,0.00902979573685205,0.352531890220332,0.432970736015288,0.0723981900452489,0.206349206349206,0.0120730774936382,0.193361552396879,0.134615384615385,0.0888265743278171,0.0444749122047434
"2H:48271948",0.608518051326078,0.024610792100875,0.137165955232877,0.608518051326078,0.0742394910755919,0.675126158513111,0.231212498207426,0.675126158513111,0.0133203687410014,0.0133203687410014,0.0133203687410014,0.173922362485122,0.198778195488722,0.00864600099644273,0.548180209429582,0.019933842559806,0.0906585836318545,0.569727380204533,0.0233681369415442,0.0937993130975587,0.384238776804819,0.313938516014808,0.190283400809717,1,0.0452315756153336,0.267807635454022,0.0787269681742044,0.0507884280617683,0.0161678706570348,0.039264828738513,0.202524792294915,0.0715104242741451,0.613289651433549,0.0183361833974372,0.0265453017754113
"2H:48286712",0.0647044004030904,0.32555109444254,0.273849200450846,0.0647044004030904,0.00201280039940027,0.00814868170555306,0.0353237332864789,0.00814868170555306,0.0270659067300858,0.0270659067300858,0.0270659067300858,0.0166741907482824,0.310611263736264,0.00066434703946786,0.0044401164648527,0.0298744345292557,0.141663310511478,0.00328080183376871,0.0265943598896119,0.146571021571022,0.147810761321688,0.0822096079257994,0.0403014513232653,0.0452315756153336,1,0.282127113214017,0.0324939598059789,0.152996381753286,0.0159584571486459,0.591329068941009,0.119919112873805,0.066518759671542,0.0469751602564103,0.00692162871196246,0.0457045125074584
"2H:48453575",0.132250312522512,0.194291764899391,0.347960262634693,0.132250312522512,0.0158724262100426,0.301802840392087,0.0302931556049874,0.301802840392087,0.00579133857154171,0.00579133857154171,0.00579133857154171,0.162683586679363,0.484777517564403,5.59829374930015e-05,0.396364464137954,0.00377867480989196,0.221096901553515,0.396306177322032,0.0454715057422601,0.228756469193628,0.0226892773695801,0.00510457282253708,0.00902979573685205,0.267807635454022,0.282127113214017,1,0.177192408284435,0.244746695543421,0.0285246018103131,0.239512269626311,0.488258043273664,0.146208758147655,0.242401663385715,0.0428366274213231,0.0642706128251041
"2H:48579241",0.0154914613337289,0.0631121710246146,0.010798659792203,0.0154914613337289,0.000282257896313029,0.0694628163200115,0.0395194632081465,0.0694628163200115,0.0634878653921235,0.0634878653921235,0.0634878653921235,0.0688824004996056,0.00856840943788841,0.0446956129859158,0.0864699292272731,0.0686139483047858,0.167960219947907,0.0820552422851466,0.0916981887459275,0.173778947648294,0.125724610975499,0.157543504553069,0.352531890220332,0.0787269681742044,0.0324939598059789,0.177192408284435,1,0.198339765123962,0.205366357069143,0.0727446757597511,0.0159441628774891,0.0958641354656578,0.0350444263926147,0.095382182975518,0.00283171587946424
"2H:48579641",0.0398954220102057,0.0335171543929337,0.238173654909242,0.0398954220102057,0.0018491767170764,0.0604706808417661,0.240247036503925,0.0604706808417661,0.0636046575089422,0.0636046575089422,0.0636046575089422,0.301808094617595,0.337002580507929,0.0150373450265351,0.0839106775070262,0.0612013110769609,0.846830789796146,0.0785759954192264,0.0588722124052162,0.876167961274344,0.184663826106283,0.25562548188035,0.432970736015288,0.0507884280617683,0.152996381753286,0.244746695543421,0.198339765123962,1,0.0407323150254577,0.0989213364903972,0.330768218889766,0.572712817066252,0.0757366482504604,0.28981526641786,0.118388420096913
"2H:48585780",0.000603089156680326,0.0129611166500499,0.0595248516073096,0.000603089156680326,0.0307017270759262,0.0214233841684822,0.0598290598290598,0.0214233841684822,0.53781512605042,0.53781512605042,0.53781512605042,0.0778630292696789,0.0756302521008403,0.401073016815361,0.0182076182963607,0.555940023068051,0.0344933785032337,0.0172935027669605,0.616990014629333,0.0356883494138396,0.0394299796421301,0.051500118119537,0.0723981900452489,0.0161678706570348,0.0159584571486459,0.0285246018103131,0.205366357069143,0.0407323150254577,1,0.0149393090569561,0.123144584936778,0.0563725490196078,0.000525210084033608,0.0272971933871588,0.0137422490363667
"2H:48587100",0.0382615928467457,0.536433434738519,0.135629884394234,0.0382615928467457,0.0609421232237999,0.000113031716139059,0.0016679748822606,0.000113031716139059,0.0187429138321995,0.0187429138321995,0.0187429138321995,0.0399873056172644,0.183673469387755,0.000135167607833717,0.0104003766257461,0.0179007287562328,0.0837696335078534,0.0140202422432387,0.0130287945137569,0.0866717057193247,0.0957585219880302,0.125071715433161,0.206349206349206,0.039264828738513,0.591329068941009,0.239512269626311,0.0727446757597511,0.0989213364903972,0.0149393090569561,1,0.299065420560748,0.108760351966874,0.0277777777777777,0.0450053260740916,0.0333740333740333
"2H:48587411",0.145723108946224,0.145236891257008,0.398102657284543,0.145723108946224,0.00526315116932076,0.223908103320295,0.0259370582644752,0.223908103320295,0.0351859688579482,0.0351859688579482,0.0351859688579482,0.0777682801771357,0.614158163265306,0.0809515013570098,0.11496664408593,0.0310041639876954,0.280104712041885,0.114512827013641,0.0504336737911328,0.289808515998992,0.00441553866124712,0.000462845244354889,0.0120730774936382,0.202524792294915,0.119919112873805,0.488258043273664,0.0159441628774891,0.330768218889766,0.123144584936778,0.299065420560748,1,0.398449139916023,0.228971962616822,0.190733495254097,0.0980422881494229
"2H:48764468",0.0332855928215881,0.0790984071197778,0.19044384057971,0.0332855928215881,0.00535949128087592,0.0602909468053167,0.170658804909924,0.0602909468053167,0.00340078286749482,0.00340078286749482,0.00340078286749482,0.212855204121995,0.230338451805843,0.0380543341134311,0.0184911264605792,0.00246800415998981,0.493087707852319,0.0151492198151795,0.0681550107501195,0.512877850134549,0.0925682834144225,0.160502700871295,0.193361552396879,0.0715104242741451,0.066518759671542,0.146208758147655,0.0958641354656578,0.572712817066252,0.0563725490196078,0.108760351966874,0.398449139916023,1,0.104817708333333,0.461068078869637,0.243775548123374
"2H:48765408",0.677032195069028,0.0240995762711864,0.16748046875,0.677032195069028,0.121153509302525,0.423730915388755,0.137768088004433,0.423730915388755,0.00226757369614513,0.00226757369614513,0.00226757369614513,0.101001099424219,0.140625,0.000120566168715879,0.349975442763312,0.00595092808907796,0.0641361256544502,0.364116683258669,0.00318275083312678,0.066358024691358,0.242401663385715,0.182036139314795,0.134615384615385,0.613289651433549,0.0469751602564103,0.242401663385715,0.0350444263926147,0.0757366482504604,0.000525210084033608,0.0277777777777777,0.228971962616822,0.104817708333333,1,0.0507557189542483,0.0255519943019943
"2H:48772279",0.00744787843123623,0.0466581776279444,0.0472377331214176,0.00744787843123623,0.0425158642438007,0.0214326211506326,0.145231550334747,0.0214326211506326,0.00545943142515222,0.00545943142515222,0.00545943142515222,0.19205579732202,0.0633694140149539,0.00890052436078456,6.03170143995217e-05,0.00661428597332149,0.260872097038309,0.000312852726112775,0.0292934973499008,0.248194746836392,0.0674967065353375,0.105732538478443,0.0888265743278171,0.0183361833974372,0.00692162871196246,0.0428366274213231,0.095382182975518,0.28981526641786,0.0272971933871588,0.0450053260740916,0.190733495254097,0.461068078869637,0.0507557189542483,1,0.0609812300988771
"2H:48775066",0.0176611869666184,0.0124616242568671,0.083093676612296,0.0176611869666184,0.0203154442769807,0.0207812256064518,0.00954737341449625,0.0207812256064518,0.0166969435262119,0.0166969435262119,0.0166969435262119,0.00816548130409003,0.0922539770778253,0.0206552706552707,0.0244598458784049,0.0159281192800663,0.089227446078423,0.0227559472056795,0.0198622789715907,0.111723599654525,0.00646640885328019,0.0170222691547642,0.0444749122047434,0.0265453017754113,0.0457045125074584,0.0642706128251041,0.00283171587946424,0.118388420096913,0.0137422490363667,0.0333740333740333,0.0980422881494229,0.243775548123374,0.0255519943019943,0.0609812300988771,1
